,评论
0,鞋子质量太好了，是真品花花公子。谢谢卖家还送了袜子，手表，皮带。皮面也好，里面绒也厚，现在冬天来了，穿着好暖和。
1,很满意的一次购物，码数标准，穿上去很舒服，一天下来脚也没有异味，老公很满意，现在穿很暖和，而且还送了赠品，很满意的一次购物，下次再来。
2,鞋子收到，老爸很喜欢，码子正规，走路不磨脚，卖家很贴心还送了小礼物，已经是第二次购买了，满意的一次购物
3,鞋子号码特别准，而且舒服不磨脚，老公很喜欢，不错，以后就在你家买鞋啦
4,鞋子质量很好，又舒服又保暖，款式简单百搭，尺码也很标准，价格实惠，这个价格在实体店是买不来的，真心的很好，太值了。
5,鞋子收到，发货快，老公穿了说舒服，皮质软，码子正规，比实体店便宜很多，准备再买一双给老爸
6,宝贝收到了，鞋子很舒适，版型也是想要的那种，穿上有范儿，面儿也也挺好，很喜欢，值得入手，祝卖家生意兴隆
7,快过年了，一次买了两双，到货立马上脚穿了一双新鞋，鞋子是商务休闲款，好搭配衣服裤子，正常鞋码，舒适好穿，鞋底还算柔软，皮面好打理，还有礼品赠送，看来店家是薄利多销了。
8,非常好，质量更棒，穿着特别舒服，不板脚！想买的就快下手吧
9,发货速度那是杠杠的，非常快，鞋子也非常好，码数很正，两双换着穿，一个冬天都不用为穿什么鞋子而烦恼了，鞋子穿起来很暖和，穿了一天也没说很臭很臭的，不臭脚而且还很暖和，穿了一天也没觉得哪里不舒服，特别喜欢，给个赞，下次还会再来
10,宝贝是真品，牛皮的，橡胶底、防滑，柔软，做工牢固、穿起来很帅气。
11,不错 不错 不错的 真的还不错的 卖家发货速度快 快递送货速度也快 价格便宜 这么便宜的价格不管是不是正品也值了 看你怎么看待 反正我是清楚一分钱一分货的道理的
12,这款加绒内增高花花公子皮鞋价钱不贵，质量不错，号码标准，他穿上很合脚，喜欢、好评
13,正品牌的鞋子穿着就是舒服哈?看到有专享价格就果断入手，穿着好还是正品价格也比实体店便宜何乐而不为呢?继续支持花花公子?
14,鞋子穿上很舒服，皮质柔软，查了一下上正品，这可比实体店购买的便宜多了！质量还好的没话说
15,已经是第二次购买啦，上次买回去之后，老公很喜欢，出去和老板吃饭和客户谈事情，都会穿着它，体面。而且很好打理。马上就要快过年啦，这次买了两双送给父亲，就当过节的礼物啦。
16,鞋子收到了，包装完好无损，鞋质量非常好的，大小正合适穿着很舒服的，价格还便宜！
17,鞋子不错噢，尺码正，鞋子漂亮，皮子光滑亮，穿着有型，走路也舒服，好评。
18,鞋子收到了，质量挺好的！是真皮的正品，做工很细包装也很用心 ，没有异味，加绒的穿上脚暖暖的好舒服.尺码很标准大小也合适，物流很快.以后还会继续购买的.
19,鞋子已经收到了，质量非常好是正品，穿上很合脚鞋码很标准，穿着还暖和。好评！好评。
20,品牌的鞋子到底不一样，老公说穿上很舒服，一天下来脚也不累，也没有异味，价格很实在，尺寸很标准，大小合适，卖家服务态度很好，特别满意！
21,皮鞋收到，质量不错，做工精细，脚底软软，穿起来舒服，跟图片描述一样值得购买。
22,鞋子质量挺好的，版型很好看。值得推荐。
23,皮鞋收到了，质量很好，鞋码很准，满意
24,鞋子穿着很舒服，上档次，而且好打理，给老公和老爸一人买了一双，都很合脚，连连好评啊，哈哈?，会一直关注滴
25,鞋子很好穿，加绒的很暖和，应该是正品，鞋底也耐磨，很不错
26,鞋子收到了 高端大气上档次！穿着很舒服很帅气！冬季穿着很舒服很暖和！质量不错，值得购买！非常满意！
27,鞋子质量很好，是花花公子正品，纯皮的，穿着很舒服，很合脚，满意
28,鞋子质量不错，款式挺漂亮，精致，穿出去很有面，高大上，好评！
29,鞋子收到了，质量挺好的，不错，还很舒服，满意
30,试穿了一下，尺寸很合适。而且加绒的穿着很暖和，很舒服。穿上显气质而且很百搭。很喜欢。
31,买第二双了，品牌值得信赖，好穿不贵，好评。
32,东西收到了 ，质量一点也不好 ，比穿的尺码小 还有味道
33,不错挺好得鞋子挺厚得
34,不错，正品，跟我在实体店里看到的一模一样，太划算了，以后就你家了
35,鞋子收到了，正品的就是好，下次买还来你家。皮质柔软有弹性，穿脚上很舒服
36,收到了，买错买了加绒的，估计很热了
37,鞋子收到了，帮朋友买的，试了下大小刚好，很保暖，也好看，好评。
38,皮鞋满意，还送了皮带袜子和手表好开心。下次老公和儿子的鞋都在这家店买了。
39,质量很好，物流很快的，和图片一样没色差穿着很舒服也不累走路很轻盈，版型很好穿着很帅气，特别喜欢值得信赖
40,材质不错 老公试穿后 觉得挺好的 今天就穿去上班了 哈哈 他喜欢就好 买赚了 喜欢的可以购买
41,第二次光顾了，上次买回来老公很喜欢，说样子好看、穿着也很舒服，所以又来买了
42,宝贝质量不错价钱合理实惠超值非常满意
43,物流很快质量很好，大小合适，没有异味，不硌脚，很舒服，皮子非常软，值得推荐
44,鞋子是真皮的，穿上非常舒服，码数也很准！值得购买。
45,鞋子不错！！！杠杠的
46,鞋不错，正品，穿着正好，标准码，皮质很好，特别满意
47,质量棒棒的，买了几次了，基本都帮别人买，因为看着穿的好看
48,鞋子收到了。质量挺好的，是真皮的正品，没有异味，满意。
49,大小正合适，款式帅气好看，而且价格实惠，卖家服务态度好，很满意的一次网购，好评推荐
50,鞋子收到了，拿来就试了，大小合适，做工很好，没有异味，很棒的一次购物，值得购买。
51,宝贝收到！快递包装完好！喜欢朋友放心购买！是真皮！！
52,鞋子收到 买了送老公的 挺合适的 穿上也舒服 下次还会光临
53,鞋子收到了，质量不错，穿着很帅，也很舒服，推荐朋友也来买
54,挺软的，不错。。。。。。。。。。。
55,鞋子 质量很好的  不是第一次买了  给男票买的  又给他爸爸买的  还会考虑给我爸爸买哈哈
56,收到了…质量还是可以的！毕竟价格在这里！对的起这个价
57,鞋子非常好看，加绒加厚，是真皮，特别软，包装严实物流也很快卖家服务热情，非常好看
58,过年了，给爸爸和叔叔一家买了一双，大小正好，样子爸爸也喜欢
59,老公穿着很合适，鞋子很舒服，主要价格很优惠
60,质量非常好，买给爸爸的，老爸说脚感不错哈，码数刚好
61,一如既往的好，我老公同事都让我给代买几次了，鞋子质量很好，非常满意，有需要还会再来的哦。
62,鞋子合适呢  超级喜欢 穿了下很合脚呀 啦啦啦啦啦啦啦啦啦啦啦啦啦啦了
63,把老公显高了一点点，另外质量还是不错的，好评
64,鞋刚刚收到了试穿了一下大小刚好  质量不错
65,看到大家说好的评论，就入手一双，昨天收到了，物流很快，包装精致，试穿了一天，觉得蛮好的，底，面都挺软的，不磨脚，底部还是防滑的呢。以后还会再光顾哦?
66,给老公买的，尺寸大小合适，价位很便宜，下次还来
67,鞋质量挺好，上脚很舒适，尺码合适，很不错的，发货速度快。
68,鞋子收到了！质量超级好！以后还会来光顾的！非常满意的一次购物！
69,鞋子已收到，买了好多回他家的了，质量没得说，穿着舒服，赞
70,鞋子很不错，老公很喜欢，穿上很好看，很舒服！
71,款式很大气，漂亮，穿着很舒适，质量也好
72,鞋子非常好，尺码正确穿了几天才来评价的主要暖和
73,东西收到不错，挺好的下次再来一双，先给同事再买一双，好评必须的。
74,挺好的尺码合适，穿着很舒服
75,买的鞋子收到了，质量特别好！和店家描述的一样！店家服务好物流快下次我还会光临呦！
76,"""鞋子质量不错，与描述相符，上脚舒服，客服服务好，喜欢的赶快下手"
77,皮鞋很好看，皮料也不错，穿着舒服
78,鞋子质量不错，老买你家了，希望价格能便宜点就好了
79,鞋子收到了 质量不错 尺码标准 上脚舒服 好看 帅帅哒
80,其实非常好，穿起来很帅，尺码很正
81,鞋子不错，穿着舒服，价格也不贵，想要的赶紧下手吧
82,穿上了大小合适，很时尚很酷，配什么裤子都好看，我非常喜欢值得购买。
83,"""收到了，质量挺好，试穿很舒服，尺码标准，喜欢。"
84,鞋子质量非常好的，之前已经买过一次了的，卖家发货速度也非常快啊，服务态度非常好?，很满意的一次购物
85,皮子亮泽有光，穿上不磨脚，挺好的，像上千的鞋子
86,货到了，说实话物美价廉，质量真的很不错，666老铁没毛病
87,鞋子质量没的说，是纯皮的。老公穿着很精神，&#39;鞋底很厚。穿着不凉脚
88,鞋子质量很好，鞋型很好并且皮质不错
89,正品，质量很好，老公穿上很合脚，非常满意
90,我一直都比较喜欢这家的鞋子，质量真的不错
91,这款鞋子，外观好看，样式新颖，穿上很舒服，质量很好，价格也便宜，下次再买。
92,不错，买了两双，便宜点，关键皮质不错，一双送给弟弟，他很喜欢
93,很正式的皮鞋，穿上轻便舒适，透气性也蛮好，很满意
94,这个样子很好看，很精致，留着暖和穿，现在穿有点凉！
95,鞋子是正品，价格便宜。质量特别好，物流也快
96,鞋子收到了，质量很好做工精细，和店里的一样，价格确便宜很多，老公穿了很舒服，皮质软不磨脚，也好打理，不错喜欢
97,鞋子质量不错，穿上很舒服很喜欢！
98,特别好看的一双鞋子，买来给老公，他很喜欢，质量也不错，卖家态度很好，下次还会光顾的
99,老爸特别喜欢 说刚好 不会夹脚
100,鞋子收到了，有点儿小惊喜，质量真的很不错，物有所值
101,尺码正好，穿在脚上很舒服。
102,鞋子已经收到啦，给老公买的鞋子，买回来就穿在脚上啦，穿着大小正好，老公很喜欢，下次还会光顾的，下着雪物流还这么快， 真是一次很满意的购物
103,鞋子可以给邻居代购的！N次、回
104,东西收到了，发货速度挺快的，质量挺好的，穿起来挺舒适合适的，卖家态度好，推荐购买好评
105,鞋子收到了，真没想到质量这么好，穿这很合适。很满意
106,很满意      质量非常好    尺码标准   下次还会光顾?
107,这是第二次购买了，帮朋友买的很合适的，朋友说很满意度
108,穿着非常舒服，过几天还打算入手一件，
109,一如既往的好   送人也很有面子  值得买  赠品也不错
110,和实体店差不多，皮好，鞋底耐磨，不错的选择
111,皮鞋到了，特地穿了一天再来评价，皮鞋舒适，脚没有不舒服，做工也不错，有需要还会再买。
112,很不错的皮鞋，上班穿，出去见客户穿，很有面子
113,鞋子收到了，大小郑合适，穿着舒服，实物与照片一样，没有差异
114,鞋码标准 质量还是不错的
115,是满意的效果，包装完好
116,鞋子质量很好，值得购买。套餐更合算哦！
117,合脚，挺舒服，尺码标准
118,鞋子收到了，质量很好，做工不错，鞋码很标准穿着很舒服，棒棒哒
119,店已经收藏了很久，不过是第一次下手。应该说还不错。
120,质量很好 比预期的好 很满意 有需要再来
121,鞋子质量挺不错的，穿着挺舒服，并且不夹脚，卖家发货非常快。好评。
122,质量特别好，穿着舒服，很满意的购物
123,鞋子还不错哦哦，有活动可以再考虑
124,不错，很好的鞋，是真皮，过年有鞋穿啦?
125,已经收到了，质量很好！款型好看！鞋里面加绒很保暖！穿在脚上很舒服！物流很快
126,很好很满意很不错和想象中一样
127,穿着舒服合脚，好评！
128,鞋质量很好，老公很喜欢
129,鞋子收到了，包装好，物流也快，帮同事买的，他很喜欢。
130,给同事买的过年穿，好看穿上很舒服样子有大的很满意。
131,我在这家店里 买鞋，第二次了，便宜不说，质量好物有所值，值得信赖，我给五星
132,难得买到一双这么舒服的皮鞋，穿着也没有感觉到累脚，按我自己的码数买的，穿着也刚好，很舒服，很满意。
133,爸爸穿过了，说很舒服，不磨脚，码数正，会介绍朋友过来购买
134,真是太喜欢了，是正品的，和实体店的一模一样，穿上挺舒服的，这个价钱值了，实体店是买不到的，物流也给力
135,质量好，款式新呢嘿嘿送人的不错啊
136,"""鞋子收到了，和照片上一样，很喜欢"
137,第2次买他们家了，质量还可以
138,试了下脚感不错，好搭配
139,宝贝收到了，很喜欢，是超级喜欢又便宜。穿上又舒服。祝老板生意兴隆！
140,鞋子穿上很舒服，皮质柔软舒适度也高，不论是上班穿还是聚会都是最佳选择
141,质量不错，第二次购买了穿着很舒服
142,质量很赞 鞋型好看又舒服 物超所值 好评
143,哥哥就喜欢穿皮鞋，一年四季都穿皮鞋，这款鞋得到他的好评，他说很好穿，喜欢
144,质量很好，穿着很合脚，挺好看的，物美价廉，多次购买了，发货快，服务态度很好。
145,鞋子收到了！穿着很舒服！不错
146,给老公买，很合适，他也很喜欢
147,鞋子收到了，鞋子版型好看，质量不错鞋底挺耐磨的，老公穿了一天说一点也不累脚穿着挺舒服的，尺码很标准，这个价钱买到还是挺合适的
148,鞋子收到了，给老公买的，老公下班试了一下他说穿着刚好很舒服，鞋子质量不错，如果以后有需要还会来你家买鞋，祝老板生意兴隆。
149,好评，鞋子已经收到老公非常满意
150,宝贝很好，特别喜欢，高大上的感觉，好评
151,鞋子收到了，已经第二次买了，质量还是一样的好，店家也很细心。每次在他家买都特别放心，不错的一次购物，五分好评吧
152,鞋子质量非常好  舒服
153,很满意，跟专卖店里的一样，好评
154,质量很好，穿上很舒服。
155,质量很好，尺码也标准，老公很喜欢，以后就在这家买鞋子了
156,货收到了  物流很快   鞋的质量很好穿着很舒服  好评
157,鞋子质量特别好，穿着还很舒服，给爸爸还有叔叔一人买了一双，
158,质量很好，穿着舒服，物有所值，非常喜欢
159,一如既往的好穿，实惠。帮邻居买的，之前给我老公买过，觉得好穿。
160,好看耶????
161,鞋子收到了非常喜欢，质量特别好，号码准确穿着舒服，物流特别快，祝卖家生意兴隆！
162,收到了，款式很好，很喜欢，看的质量也很好
163,我一直穿的都是花花公子感觉挺好的
164,质量不错，穿着舒服，满意！
165,鞋质量挺好，款式好看，上脚很舒服，鞋码标准，喜欢。
166,之前买了一双，穿着还行。朋友也想要，这次帮他买的
167,不错，老公上脚比较舒服，而且搭西裤也很好看。鞋子质量也不错啊
168,鞋加绒的，很暖和，穿起来很舒服，码数标准，满意
169,质量不错，穿着合适，价格实惠！
170,鞋子质量不错，尺码很标准，版型也挺好看的。
171,物流很快  今天收到货了  质量不错很好   也很喜欢  很满意  给予好评
172,在他们家买了好多次鞋了，都很好穿。
173,价格合适，质量挺好的，满意，好评
174,鞋子非常舒服，是我想要的款式，想入手的朋友不要犹豫了
175,鞋子不错  皮质很好  老公很喜欢 鞋码正
176,质量很好很喜欢
177,东西收到了  很好的
178,鞋子质量很好，
179,好评
180,东西真心不错
181,质量很好！爸爸很喜欢。
182,很满意，质量好，比店里优惠。老板人服务非常好。
183,质量不错，自我感觉可以。
184,鞋子收到了很满意，鞋子质量挺不错的，尺码标准，款式好看，穿着很舒服，走路对脚不影响，卖家服务态度很好，物流也很快
185,质量很好，很划算
186,码子正，标准！送老爸送男友首选，主要，价格不贵！
187,鞋子很合适哦。
188,鞋子很赞喔。
189,很舒服的鞋子
190,鞋子很合脚！
191,?????又淘到包了。非常好！是真的。这是多少数字了。好了不错推荐推荐推荐推荐推荐推荐推荐推荐推荐推荐推荐推荐推荐
192,鞋子质量很好，很亮，老公穿着也说很舒服
193,不错。尺码合适。很满意
194,鞋子很好 质量不错 很好 样式也好看 很喜欢呢
195,鞋质量很好，码大小合适，穿上很舒服，走路也不打脚，非常棒
196,鞋子款式很漂亮，喜欢
197,质量不错，鞋码标准
198,宝贝收到了，质量很好，很满意，码正，穿上显洋气，好评
199,质量挺好的 穿着舒服大小正合适
200,给老爸买的，老爸说大小合适，很暖和，是正品，挺满意的！
201,质量很好，穿着很舒服，满意
202,质量挺好的
203,挺好的鞋子
204,老公穿上这个鞋子非常舒服，说很喜欢，下次还会光顾的
205,花花公子，大牌子，值得信赖啊啊！！！
206,大小合适，很舒服，皮质特别牛，以后会继续光顾的
207,鞋子收到了，质量不错，穿上也很合适，客服态度也很好，鞋子的性价比很高，值得购买！
208,帮朋友买的，他说挺好的！好评
209,老顾客了    一如既往的好
210,宝贝质量不错，很喜欢了。谢谢掌柜。
211,鞋子质量不错，是正品，穿着蛮舒服的，
212,鞋子质量还挺好的，给公公买的穿上很合适，不错
213,宝贝收到了  质量很好  合适挺舒服的
214,鞋子挺好的，很满意！
215,鞋子质量不错，穿着合适，值得购买！
216,靴子收到了，很好很漂亮！老公很喜欢，下次还来！
217,很不错，穿上很舒服
218,还不错，质量挺好的，速度也快！
219,挺好的加绒！不错
220,帅气舒适
221,老公很喜欢，说上脚很舒适，非常好
222,质量很好，是真皮的，大小也正好，很满意，以后还来！
223,很好，老公喜欢！
224,鞋子收到了，第二次购买了，质量真心不错，号码大小合适，店家服务也很好，还会再光顾的
225,发货快，鞋子质量不错
226,鞋子美观大方，上脚舒服。商家服务周到耐心。满意的一次购物！
227,鞋子穿着舒适，款式不错。
228,质量好 舒服 好评
229,穿着特别舒服，给爸爸买的，爸爸非常喜欢
230,好产品，支持
231,鞋子收到了，质量不错，好看
232,鞋子质量超级好哦！穿着很舒服
233,送给别人当礼物的，漂亮上档次～～～
234,鞋子收到了，质量很好，功能不错。谢谢店家的宝贝商品。物流快，服务态度也好。
235,这是回购。
236,质量很好，很舒服
237,质量棒棒哒，满意
238,鞋子收到啦不错质量很好老公穿大小正好上脚舒服
239,宝贝收到，物流很快，鞋子质量很好，儿子穿上很帅，穿上都不脱了
240,货收到了，宝贝很不错
241,质量超好 皮质好 尺码标准
242,宝贝收到了，物流很快，很满意！鞋子质量很好，没有异味，大小合适！物有所值，大赞
243,尺码合适，质量也很好。
244,不错，鞋型很舒服，发货也快，挺好的。关键是价格合适。
245,看起来很有质感，穿着舒服，不错
246,打开包装一看质量不错哦
247,宝贝收到了，质量很好，很合脚也很暖和，值得大家购买
248,收到了，试了试。舒服，暖和。这个天气穿最合适。
249,鞋子非常舒适一下买了两双大爱
250,鞋收到了，穿着很舒服，质量很好。
251,东西不错物流很快就到了店主人不错下次继续光顾你家祝你发财。
252,正品正品正品！重要的事情说三遍！
253,鞋子款式很漂亮
254,宝贝收到，皮质好，号码正，很满意了一次购物。
255,"""鞋质量不错，样式好看，赞一个"
256,鞋子收到啦。不错值得购买
257,鞋子很舒服，也很漂亮，很暖和
258,相当不错。喜欢
259,给爸爸买的，他说不错，穿的舒服
260,质量很好，尺码也很正。
261,鞋子很舒服，老公很喜欢，店家服务也不错，下次还会再光顾的
262,很合适，上班穿的，刚刚好
263,穿着舒适，还会再来。
264,不错，很满意，也很喜欢
265,鞋子收到了，穿着很舒服！
266,鞋子收到了皮质很好，试穿了老公说舒服且合适，一次满意的购物
267,很棒，帅气，喜欢。
268,鞋子是正品，质量不错，老公挺喜欢的，上脚也舒服！
269,鞋子穿的特别舒服！
270,鞋子收到，挺舒服的！
271,货己收到了，很满意得一次购物。
272,是正品，质量特别好
273,宝贝收到，合脚，质量不错，样式也好看，尺码正，款式时尚。
274,东西到的很快，质量也很好，满意，好评。
275,物美价廉，客服热情，物流也挺快的！
276,查过了是正品，还有防伪码，皮质比较软，试穿一下很舒服，这个价格很超值。
277,穿着舒服
278,质量很好
279,质量很好
280,真皮的，质量不错
281,很合适，质量也不错！好评
282,超划算的。质量很好。买的很值。喜欢！
283,收到了，现在穿挺暖和的老公喜欢
284,不错，刚好合适！
285,收到了是真皮的 质量很好  大小正好
286,很喜欢，很满意
287,买给老公的  很不错噢！
288,宝贝收到了，喜欢，物流又快，给五星评价
289,看着不错哦
290,鞋子不错，质量很好，大小正合适，正好过年时串亲戚时穿着
291,质量很好。
292,正品，喜欢！
293,鞋子收到质量挺好穿着舒服大小正合适
294,发货快！质量好！做工精细，好评！
295,"""收到了，买了送朋友的，价格优惠，质量好，物流很快，满意。好评！"
296,吼吼吼，帮单位同事买的，每次都是各种买，各种收快递，宝贝质量不错，都很喜欢，谢谢快递叔叔送货上门哟
297,东西很好，物流也快，还送礼品
298,挺不错的，很满意
299,鞋子收到了，穿着很舒服，很合脚。
300,一如既往的好，喜欢，好评
301,鞋子很合脚。穿着很舒服。
302,不错，挺好的
303,很不错??
304,很好，很不错
305,还行吧，等，在评价
306,非常喜欢，速度也很快，服务态度很好
307,质量很好，老公很喜欢，买了两双，价格便宜很多，和专柜得一样好，我老公去年在专柜买的鞋，花了1000多和这款鞋的质量差不多，实体店要贵好多
308,收到货之后，上脚试了很舒服，鞋子一定要舒服，不然整个人的不行了，皮质透气性也好，必须给商家点个赞，比实体店的便宜好多，省了好多逛街的时间
309,皮鞋质量很好，是正品，穿着很上档次
310,质量不错，比店里的便宜，质量也好，穿着舒服主要是，不挤脚，很合适的
311,鞋子质量好，皮面柔软好打理，尺码标准，穿着合脚，老公特别喜欢
312,鞋子已经多次购买，穿上很舒服，走路不累脚，开车也不累
313,帮弟弟买的，真好，样式好看，弟弟很满意，会介绍给朋友
314,宝贝收到了，第二次买了，不错，不错，真不错。
315,货已收到试穿了才来评价，鞋子皮质不错，款式颜色都好看，最主要是合脚走路轻便舒适，牌子就是牌子质量都挺过硬，值得购买！
316,"质量非常好，与卖家描述的完全一致，非常满意,真的很喜欢，完全超出期望值，发货速度非常快，包装非常仔细、严实，物流公司服务态度很好，运送速度很快，很满意的一次购物"
317,买的鞋子收到了，质量特别好！和店家描述的一样！店家服务好物流快下次我还会光临呦！特别满意的一次购物！
318,鞋子收到啦，应该是正品吧，看着和实体店里面卖的鞋子没什么太大区别。皮鞋的材质也很好，鞋底也挺耐磨的，整体挺不错的，穿着要是好的话，还会回购在来给我爸爸买一双
319,"""鞋子质量不错，款式新颖，今年的新款，非常喜欢，皮子很亮，做工也非常的精细，底子也很软，穿上特别的舒服，很满意！"
320,合穿~好穿~鞋款不错！大舅喜欢~好评！
321,终于找到家好店，服务好，质量不错，下次有机会再来买。
322,简直是太棒啦，鞋子的质量也很好，没有什么异味，穿着非常舒服。超赞，超赞，超级赞，值得推荐，值得推荐，非常值得推荐。
323,鞋子质量好，是真皮正品，鞋子款式也好看，很潮流，卖家服务很好，还送了很多赠品，
324,鞋子收到了，正牌的质量就是好，没得说买鞋以后都不去别家就认准这家了，皮质很好超级柔软，上脚很舒服
325,皮鞋是正品花花公子，一直都买的这个品牌，透气不捂脚，真皮的才会，皮面也好，鞋底很软，好评，赞一个！！！
326,皮鞋尺码标准，穿着很舒服！，做工精致!是正品！价格也比实体店便宜，满意!
327,鞋子收到喽，给老爸买的哈，穿着很合适他说挺舒服的
328,给老爸买的，质量不错！
329,东西已经到了，很好，不错，喜欢。。。。。。
330,宝贝很不错哦！发货速度很给力，快递也给力，赞一个
331,客服态度挺好的
332,样子很好看，很喜欢！皮很软，鞋带也一样，感觉都好高档的样纸，，皮子看着也还不错，还送了手表，皮带，袜子，很细心，鞋真不错，穿着舒服也很有型
333,"质量非常好，与卖家描述的完全一致，非常满意,真的很喜欢，完全超出期望值， 发货速度 非常快，包装非常仔细、严实， 物流公司服务 态度很好，运送速度很快，很满意的 一次购物"
334,东西收到以后马上查看，发现与图片描述一致，超级喜欢，卖家发货速度很快，，服务也很到位
335,买的鞋子收到了，质量特别好！和店家描述的一样！店家服务好物流快下次我还会光临呦！特别满意的一次购物！
336,东西收到以后马上查看，发现与图片描述一致，超级喜欢，卖家发货速度很快，，服务也很到位，给老板点个赞，下次还会来购买...
337,"""不错呀，很满意！会推荐给朋友们的"
338,超喜欢，超喜欢，超喜欢，超喜欢，超喜欢，超喜欢，超喜欢，超喜欢，超喜欢，超喜欢，超喜欢，超喜欢
339,鞋子还可以？阿爸说不错！鞋子还可以？阿爸说不错！鞋子还可以？阿爸说不错！鞋子还可以？阿爸说不错！鞋子还可以？阿爸说不错！鞋子还可以？阿爸说不错！鞋子还可以？阿爸说不错！鞋子还可以？阿爸说不错！鞋子还可以？阿爸说不错！鞋子还可以？阿爸说不错！鞋子还可以？阿爸说不错！鞋子还可以？阿爸说不错！
340,宝贝收到了，物流很快，很满意！鞋子质量很好，没有异味，大小合适！物有所值，大赞  宝贝收到了，物流很快，很满意！鞋子质量很好，没有异味，大小合适！物有所值，大赞  宝贝收到了，物流很快，很满意！鞋子质量很好，没有异味，大小合适！物有所值，大赞  宝贝收到了，物流很快，很满意！鞋子质量很好，没有异味，大小合适！物有所值，大赞  宝贝收到了，物流很快，很满意！鞋子质量很好，没有异味，大小合适！物有所值，大赞  宝贝收到了，物流很快，很满意！鞋子质量很好，没有异味，大小合适！物有所值，大赞  
341,还可以，好评！还可以，好评！还可以，好评！还可以，好评！还可以，好评！还可以，好评！还可以，好评！还可以，好评！还可以，好评！还可以，好评！还可以，好评！还可以，好评！还可以，好评！还可以，好评！还可以，好评！还可以，好评！还可以，好评！还可以，好评！还可以，好评！还可以，好评！
342,鞋子质量很不错，是真皮的，穿着很舒服，老公很喜欢
343,加点淘气值
344,鞋子质量挺好的，穿着也正合适。尺码正常，穿着挺舒服的，配上自己的裤子简直是绝配。之前还犹豫怕不好，果然之前的担心都是多余的，很满意，物流也超级快。
345,鞋做工精细，皮面柔和，不打脚，鞋底不硬，穿着舒服，尺码标准，没有橡胶味，大品牌真的没话说。
346,鞋底很软，没有什么明显的味儿，穿了一天下来，很舒服，满意的一次购。
347,鞋子质量不错，款式好看，穿着舒服
348,好好好好好好好好好好好好好好
349,鞋子质量很好，很舒服的。
350,质量很好，不错
351,合适 值得购买
352,很不错呀
353,很好
354,好
355,此用户没有填写评价。
356,此用户没有填写评价。
357,此用户没有填写评价。
358,此用户没有填写评价。
359,此用户没有填写评价。
360,此用户没有填写评价。
361,此用户没有填写评价。
362,此用户没有填写评价。
363,此用户没有填写评价。
364,此用户没有填写评价。
365,穿了两天来评价，鞋子穿着很舒服合脚，加绒的很软和很透气不捂脚，品牌鞋质量很棒，皮子很软做工也细，款式大方，穿着很大气
366,鞋子不错，发货快，是正品，之前买过两双，再次光临，好评哦！
367,很好
368,此用户没有填写评价。
369,我的快递收到了。包装很好。真皮的，鞋的质量没的说。码子很准，真的很合适，价格也不贵。我很满意。
370,质量不错，值了
